20250421 05:27:00,1745227620001
20250421 08:27:00,1745238420002
20250421 17:27:00,1745270820003
20250421 19:27:00,1745278020004
20250421 21:27:00,1745285220005
20250421 23:27:00,1745292420006
20250422 16:27:00,1745353620107
20250422 19:27:00,1745364420108

20250423 00:00:00,1745380800001
20250416 00:00:00,1744776000006
20250416 01:00:00,1744779600007
20250416 23:59:59,1744862399002
20250417 00:00:00,1744862400003
20250417 00:00:01,1744862401004
20250417 01:00:00,1744866000005

20250418 23:00:00,1745031600007
20250419 00:00:00,1745035200008
20250419 01:00:00,1745038800009
